start_time,end_time,duration,class,frequency
00:00:00,00:00:04,00:00:04,9 Class 10 other,
00:00:04,00:00:09,00:00:05,5 Class 6 coding in VSC,
00:00:09,00:00:57,00:00:48,idle,
00:01:00,00:01:02,00:00:02,5 Class 6 coding in VSC,
00:01:05,00:01:10,00:00:05,7 Class 8 using file explorer,
00:01:10,00:01:13,00:00:03,idle,
00:01:13,00:01:15,00:00:02,5 Class 6 coding in VSC,
00:01:17,00:01:19,00:00:02,7 Class 8 using file explorer,
00:01:19,00:01:24,00:00:05,5 Class 6 coding in VSC,
00:01:24,00:02:39,00:01:14,idle,
00:02:40,00:02:45,00:00:05,0 Class 1 browsing the web,
00:02:45,00:02:50,00:00:04,4 Class 5 editing docs,
00:02:52,00:02:57,00:00:05,5 Class 6 coding in VSC,
00:02:57,00:03:45,00:00:48,idle,
00:03:45,00:03:50,00:00:05,4 Class 5 editing docs,
00:03:50,00:09:22,00:05:32,idle,
00:09:23,00:09:28,00:00:05,4 Class 5 editing docs,
00:09:28,00:42:51,00:33:23,idle,
00:42:51,00:42:56,00:00:05,9 Class 10 other,
00:42:56,00:42:59,00:00:02,idle,
00:42:59,00:43:01,00:00:02,5 Class 6 coding in VSC,
00:43:04,00:43:07,00:00:03,0 Class 1 browsing the web,
00:43:09,00:43:12,00:00:02,11 Class 12 socials,
00:43:13,00:43:17,00:00:03,11 Class 12 socials,
00:43:18,00:43:21,00:00:03,9 Class 10 other,
00:43:21,00:43:26,00:00:05,4 Class 5 editing docs,
00:43:26,00:46:26,00:03:00,idle,
00:46:26,00:46:28,00:00:02,0 Class 1 browsing the web,
00:46:28,00:46:33,00:00:05,4 Class 5 editing docs,
00:46:33,00:47:19,00:00:45,idle,
00:47:20,00:47:22,00:00:02,4 Class 5 editing docs,
00:47:22,00:47:27,00:00:05,0 Class 1 browsing the web,
00:47:27,00:47:28,00:00:01,idle,
00:47:28,00:47:33,00:00:05,4 Class 5 editing docs,
00:47:33,00:47:43,00:00:10,idle,
00:47:44,00:47:50,00:00:05,4 Class 5 editing docs,
00:47:51,00:47:56,00:00:05,4 Class 5 editing docs,
00:47:56,00:48:04,00:00:07,idle,
00:48:04,00:48:08,00:00:04,0 Class 1 browsing the web,
00:48:08,00:48:13,00:00:05,4 Class 5 editing docs,
00:48:13,00:48:31,00:00:18,idle,
00:48:31,00:48:36,00:00:05,0 Class 1 browsing the web,
00:48:36,00:48:49,00:00:12,idle,
00:48:49,00:48:54,00:00:05,4 Class 5 editing docs,
00:48:54,00:49:07,00:00:13,idle,
00:49:07,00:49:12,00:00:05,0 Class 1 browsing the web,
00:49:12,00:49:15,00:00:03,idle,
00:49:15,00:49:19,00:00:03,4 Class 5 editing docs,
00:49:19,00:49:24,00:00:05,4 Class 5 editing docs,
00:49:24,00:53:42,00:04:18,idle,
00:53:43,00:53:48,00:00:05,4 Class 5 editing docs,
00:53:48,00:54:24,00:00:36,idle,
00:54:24,00:54:29,00:00:05,0 Class 1 browsing the web,
00:54:29,00:56:37,00:02:08,idle,
00:56:37,00:56:42,00:00:05,4 Class 5 editing docs,
00:56:42,00:56:48,00:00:06,idle,
00:56:48,00:56:53,00:00:05,0 Class 1 browsing the web,
00:56:53,00:56:57,00:00:04,idle,
00:56:57,00:57:02,00:00:05,4 Class 5 editing docs,
00:57:02,00:57:22,00:00:19,idle,
00:57:22,00:57:27,00:00:05,0 Class 1 browsing the web,
00:57:27,00:58:08,00:00:41,idle,
00:58:08,00:58:13,00:00:05,4 Class 5 editing docs,
00:58:13,00:58:39,00:00:26,idle,
00:58:39,00:58:44,00:00:05,4 Class 5 editing docs,
00:58:44,00:58:48,00:00:03,idle,
00:58:48,00:58:50,00:00:02,0 Class 1 browsing the web,
00:58:50,00:58:54,00:00:04,4 Class 5 editing docs,
00:58:57,00:58:59,00:00:02,4 Class 5 editing docs,
00:58:59,00:59:04,00:00:05,0 Class 1 browsing the web,
00:59:04,00:59:52,00:00:48,idle,
00:59:52,00:59:56,00:00:04,4 Class 5 editing docs,
00:59:56,00:59:58,00:00:02,0 Class 1 browsing the web,
00:59:58,01:00:00,00:00:02,4 Class 5 editing docs,
01:00:01,01:00:06,00:00:05,4 Class 5 editing docs,
01:00:06,01:02:59,00:02:53,idle,
01:02:59,01:03:04,00:00:05,0 Class 1 browsing the web,
01:03:04,01:03:23,00:00:19,idle,
01:03:23,01:03:28,00:00:04,4 Class 5 editing docs,
01:03:28,01:03:31,00:00:03,0 Class 1 browsing the web,
01:03:35,01:03:37,00:00:02,3 Class 4 cmd command,
01:03:37,01:03:42,00:00:05,0 Class 1 browsing the web,
01:03:42,01:04:31,00:00:49,idle,
01:04:32,01:04:37,00:00:05,0 Class 1 browsing the web,
01:04:37,01:04:40,00:00:03,idle,
01:04:40,01:04:45,00:00:05,4 Class 5 editing docs,
01:04:45,01:04:49,00:00:04,idle,
01:04:49,01:04:54,00:00:05,0 Class 1 browsing the web,
01:04:54,01:05:04,00:00:09,idle,
01:05:04,01:05:09,00:00:05,4 Class 5 editing docs,
01:05:09,01:05:12,00:00:03,idle,
01:05:12,01:05:17,00:00:05,0 Class 1 browsing the web,
01:05:17,01:05:28,00:00:11,idle,
01:05:28,01:05:33,00:00:05,4 Class 5 editing docs,
01:05:33,01:05:38,00:00:05,idle,
01:05:38,01:05:40,00:00:02,0 Class 1 browsing the web,
01:05:40,01:05:43,00:00:02,4 Class 5 editing docs,
01:05:43,01:05:45,00:00:02,0 Class 1 browsing the web,
01:05:45,01:05:49,00:00:04,4 Class 5 editing docs,
01:05:49,01:05:52,00:00:02,4 Class 5 editing docs,
01:05:52,01:05:57,00:00:05,0 Class 1 browsing the web,
01:05:57,01:06:00,00:00:03,idle,
01:06:00,01:06:05,00:00:05,4 Class 5 editing docs,
01:06:05,01:06:55,00:00:50,idle,
01:06:55,01:07:00,00:00:05,0 Class 1 browsing the web,
01:07:00,01:07:05,00:00:05,4 Class 5 editing docs,
01:07:05,01:07:07,00:00:02,idle,
01:07:08,01:07:13,00:00:05,4 Class 5 editing docs,
01:07:13,01:07:29,00:00:16,idle,
01:07:29,01:07:34,00:00:05,0 Class 1 browsing the web,
01:07:34,01:07:44,00:00:10,idle,
01:07:46,01:07:51,00:00:05,0 Class 1 browsing the web,
01:07:51,01:09:44,00:01:53,idle,
01:09:44,01:09:49,00:00:05,4 Class 5 editing docs,
01:09:49,01:10:01,00:00:12,idle,
01:10:01,01:10:04,00:00:03,0 Class 1 browsing the web,
01:10:04,01:10:09,00:00:05,4 Class 5 editing docs,
01:10:09,01:14:06,00:03:57,idle,
01:14:09,01:14:14,00:00:05,5 Class 6 coding in VSC,
01:14:14,01:14:15,00:00:01,idle,
01:14:18,01:14:23,00:00:05,0 Class 1 browsing the web,
01:14:23,01:15:11,00:00:48,idle,
01:15:13,01:15:16,00:00:03,0 Class 1 browsing the web,
01:15:19,01:15:24,00:00:05,10 Class 11 code reference,
01:15:24,01:16:06,00:00:42,idle,
01:16:06,01:16:10,00:00:03,10 Class 11 code reference,
01:16:10,01:16:15,00:00:05,4 Class 5 editing docs,
01:16:15,01:16:22,00:00:07,idle,
01:16:24,01:16:26,00:00:02,7 Class 8 using file explorer,
01:16:27,01:16:32,00:00:05,2 Class 3 using github,
01:16:32,01:16:42,00:00:09,idle,
01:16:42,01:16:44,00:00:02,9 Class 10 other,
01:16:44,01:16:49,00:00:05,4 Class 5 editing docs,
01:16:49,01:17:18,00:00:29,idle,
01:17:20,01:17:25,00:00:05,2 Class 3 using github,
01:17:25,01:17:45,00:00:20,idle,
01:17:46,01:17:51,00:00:05,5 Class 6 coding in VSC,
01:17:51,01:17:54,00:00:03,idle,
01:17:54,01:17:57,00:00:03,2 Class 3 using github,
01:17:58,01:18:00,00:00:02,3 Class 4 cmd command,
01:18:00,01:18:04,00:00:04,2 Class 3 using github,
01:18:06,01:18:10,00:00:04,5 Class 6 coding in VSC,
01:18:10,01:18:15,00:00:05,2 Class 3 using github,
01:18:15,01:18:20,00:00:05,idle,
01:18:20,01:18:24,00:00:03,5 Class 6 coding in VSC,
01:18:28,01:18:32,00:00:03,2 Class 3 using github,
01:18:32,01:18:37,00:00:05,2 Class 3 using github,
01:18:37,01:18:42,00:00:05,idle,
01:18:45,01:18:50,00:00:05,0 Class 1 browsing the web,
01:18:50,01:18:52,00:00:02,5 Class 6 coding in VSC,
01:18:53,01:18:55,00:00:02,5 Class 6 coding in VSC,
01:18:56,01:19:01,00:00:05,4 Class 5 editing docs,
01:19:01,01:28:49,00:09:48,idle,
01:28:49,01:28:54,00:00:05,0 Class 1 browsing the web,
01:28:54,01:29:17,00:00:23,idle,
01:29:17,01:29:20,00:00:02,4 Class 5 editing docs,
01:29:20,01:29:25,00:00:05,4 Class 5 editing docs,
01:29:25,01:29:36,00:00:10,idle,
01:29:36,01:29:41,00:00:05,0 Class 1 browsing the web,
01:29:41,01:29:48,00:00:07,idle,
01:29:48,01:29:51,00:00:03,4 Class 5 editing docs,
01:29:53,01:29:57,00:00:04,5 Class 6 coding in VSC,
01:29:57,01:30:01,00:00:04,7 Class 8 using file explorer,
01:30:02,01:30:05,00:00:03,0 Class 1 browsing the web,
01:30:05,01:30:08,00:00:03,4 Class 5 editing docs,
01:30:08,01:30:13,00:00:05,0 Class 1 browsing the web,
01:30:13,01:30:30,00:00:17,idle,
01:30:30,01:30:32,00:00:02,10 Class 11 code reference,
01:30:32,01:30:34,00:00:02,0 Class 1 browsing the web,
01:30:34,01:30:37,00:00:03,10 Class 11 code reference,
01:30:37,01:30:40,00:00:02,0 Class 1 browsing the web,
01:30:43,01:30:45,00:00:02,9 Class 10 other,
01:30:53,01:30:58,00:00:05,0 Class 1 browsing the web,
01:30:58,01:31:08,00:00:10,idle,
01:31:10,01:31:15,00:00:05,10 Class 11 code reference,
01:31:15,01:31:18,00:00:03,idle,
01:31:25,01:31:30,00:00:05,0 Class 1 browsing the web,
01:31:30,01:31:32,00:00:02,idle,
01:31:34,01:31:37,00:00:03,0 Class 1 browsing the web,
01:31:47,01:31:50,00:00:03,5 Class 6 coding in VSC,
01:31:51,01:31:57,00:00:05,0 Class 1 browsing the web,
01:31:58,01:32:00,00:00:02,10 Class 11 code reference,
01:32:01,01:32:03,00:00:02,10 Class 11 code reference,
01:32:08,01:32:11,00:00:03,10 Class 11 code reference,
01:32:12,01:32:16,00:00:04,10 Class 11 code reference,
01:32:16,01:32:18,00:00:02,0 Class 1 browsing the web,
01:32:18,01:32:23,00:00:05,10 Class 11 code reference,
01:32:23,01:32:36,00:00:13,idle,
01:32:37,01:32:40,00:00:03,10 Class 11 code reference,
01:32:40,01:32:42,00:00:02,9 Class 10 other,
01:32:42,01:32:47,00:00:05,0 Class 1 browsing the web,
01:32:49,01:32:54,00:00:05,0 Class 1 browsing the web,
01:32:54,01:32:56,00:00:01,idle,
01:32:56,01:33:01,00:00:05,4 Class 5 editing docs,
01:33:01,01:33:56,00:00:55,idle,
01:34:01,01:34:03,00:00:02,0 Class 1 browsing the web,
01:34:14,01:34:19,00:00:05,10 Class 11 code reference,
01:34:19,01:34:21,00:00:02,idle,
01:34:21,01:34:26,00:00:05,0 Class 1 browsing the web,
01:34:26,01:34:27,00:00:01,idle,
01:34:33,01:34:38,00:00:05,0 Class 1 browsing the web,
01:34:38,01:34:40,00:00:02,idle,
01:34:40,01:34:44,00:00:04,9 Class 10 other,
01:34:45,01:34:50,00:00:05,4 Class 5 editing docs,
01:34:50,01:35:08,00:00:18,idle,
01:35:11,01:35:13,00:00:02,0 Class 1 browsing the web,
01:35:14,01:35:18,00:00:04,0 Class 1 browsing the web,
01:35:18,01:35:21,00:00:03,4 Class 5 editing docs,
01:35:22,01:35:27,00:00:05,4 Class 5 editing docs,
01:35:27,01:35:54,00:00:27,idle,
01:35:54,01:35:57,00:00:03,0 Class 1 browsing the web,
01:35:59,01:36:04,00:00:05,10 Class 11 code reference,
01:36:04,01:36:05,00:00:01,idle,
01:36:06,01:36:11,00:00:04,10 Class 11 code reference,
01:36:14,01:36:19,00:00:04,10 Class 11 code reference,
01:36:19,01:36:24,00:00:05,0 Class 1 browsing the web,
01:36:24,01:36:26,00:00:02,7 Class 8 using file explorer,
01:36:26,01:36:30,00:00:04,0 Class 1 browsing the web,
01:36:31,01:36:36,00:00:05,0 Class 1 browsing the web,
01:36:37,01:36:41,00:00:04,0 Class 1 browsing the web,
01:36:43,01:36:45,00:00:02,10 Class 11 code reference,
01:36:46,01:36:49,00:00:03,10 Class 11 code reference,
01:36:50,01:36:52,00:00:02,10 Class 11 code reference,
01:36:58,01:37:01,00:00:03,10 Class 11 code reference,
01:37:03,01:37:06,00:00:03,0 Class 1 browsing the web,
01:37:07,01:37:09,00:00:02,9 Class 10 other,
01:37:11,01:37:13,00:00:02,9 Class 10 other,
01:37:13,01:37:18,00:00:05,0 Class 1 browsing the web,
01:37:18,01:37:22,00:00:04,idle,
01:37:24,01:37:26,00:00:02,10 Class 11 code reference,
01:37:29,01:37:32,00:00:03,10 Class 11 code reference,
01:37:33,01:37:39,00:00:05,0 Class 1 browsing the web,
01:37:41,01:37:44,00:00:03,4 Class 5 editing docs,
01:37:45,01:37:50,00:00:04,4 Class 5 editing docs,
01:38:00,01:38:04,00:00:04,0 Class 1 browsing the web,
01:38:04,01:38:09,00:00:05,10 Class 11 code reference,
01:38:09,01:38:23,00:00:14,idle,
01:38:27,01:38:32,00:00:05,4 Class 5 editing docs,
01:38:32,01:38:43,00:00:11,idle,
01:38:43,01:38:45,00:00:02,0 Class 1 browsing the web,
01:38:46,01:38:51,00:00:05,10 Class 11 code reference,
01:38:51,01:38:56,00:00:05,idle,
01:38:56,01:39:01,00:00:05,4 Class 5 editing docs,
01:39:01,01:39:04,00:00:02,idle,
01:39:04,01:39:09,00:00:05,10 Class 11 code reference,
01:39:09,01:39:11,00:00:02,idle,
01:39:12,01:39:17,00:00:05,10 Class 11 code reference,
01:39:17,01:39:19,00:00:02,idle,
01:39:19,01:39:24,00:00:05,4 Class 5 editing docs,
01:39:24,01:39:26,00:00:02,10 Class 11 code reference,
01:39:28,01:39:33,00:00:05,4 Class 5 editing docs,
01:39:33,01:39:41,00:00:08,idle,
01:39:42,01:39:47,00:00:05,9 Class 10 other,
01:39:47,01:39:59,00:00:12,idle,
01:39:59,01:40:04,00:00:05,4 Class 5 editing docs,
01:40:04,01:40:05,00:00:01,idle,
01:40:05,01:40:10,00:00:05,10 Class 11 code reference,
01:40:10,01:40:15,00:00:04,idle,
01:40:15,01:40:20,00:00:05,4 Class 5 editing docs,
01:40:20,01:40:33,00:00:13,idle,
01:40:33,01:40:38,00:00:05,10 Class 11 code reference,
01:40:38,01:41:03,00:00:25,idle,
01:41:04,01:41:09,00:00:05,10 Class 11 code reference,
01:41:09,01:41:26,00:00:17,idle,
01:41:28,01:41:33,00:00:05,4 Class 5 editing docs,
01:41:33,01:41:44,00:00:11,idle,
01:41:46,01:41:50,00:00:04,9 Class 10 other,
01:41:50,01:41:54,00:00:04,10 Class 11 code reference,
01:41:54,01:41:59,00:00:05,9 Class 10 other,
01:41:59,01:42:00,00:00:01,idle,
01:42:00,01:42:02,00:00:02,10 Class 11 code reference,
01:42:02,01:42:05,00:00:02,9 Class 10 other,
01:42:05,01:42:09,00:00:04,4 Class 5 editing docs,
01:42:10,01:42:15,00:00:05,4 Class 5 editing docs,
01:42:15,01:43:02,00:00:46,idle,
01:43:02,01:43:06,00:00:04,10 Class 11 code reference,
01:43:06,01:43:08,00:00:02,10 Class 11 code reference,
01:43:09,01:43:13,00:00:04,10 Class 11 code reference,
01:43:13,01:43:18,00:00:05,4 Class 5 editing docs,
01:43:18,01:43:42,00:00:24,idle,
01:43:44,01:43:47,00:00:03,0 Class 1 browsing the web,
01:43:52,01:43:56,00:00:04,0 Class 1 browsing the web,
01:43:57,01:44:02,00:00:05,4 Class 5 editing docs,
01:44:02,01:44:26,00:00:23,idle,
01:44:26,01:44:31,00:00:05,0 Class 1 browsing the web,
01:44:31,01:45:32,00:01:01,idle,
01:45:34,01:45:39,00:00:05,4 Class 5 editing docs,
01:45:39,01:47:06,00:01:27,idle,
01:47:10,01:47:13,00:00:02,5 Class 6 coding in VSC,
01:47:15,01:47:20,00:00:05,0 Class 1 browsing the web,
01:47:20,01:47:23,00:00:03,idle,
01:47:23,01:47:28,00:00:05,4 Class 5 editing docs,
01:47:28,01:47:29,00:00:01,idle,
01:47:30,01:47:34,00:00:03,4 Class 5 editing docs,
01:47:34,01:47:39,00:00:05,0 Class 1 browsing the web,
01:47:39,01:47:45,00:00:06,idle,
01:47:45,01:47:50,00:00:05,4 Class 5 editing docs,
01:47:50,01:47:58,00:00:08,idle,
01:47:58,01:48:02,00:00:04,0 Class 1 browsing the web,
01:48:03,01:48:05,00:00:02,0 Class 1 browsing the web,
01:48:05,01:48:09,00:00:03,1 Class 2 reading technical documentation,
01:48:09,01:48:14,00:00:05,0 Class 1 browsing the web,
01:48:14,01:48:20,00:00:06,idle,
01:48:20,01:48:22,00:00:02,4 Class 5 editing docs,
01:48:23,01:48:25,00:00:02,1 Class 2 reading technical documentation,
01:48:25,01:48:30,00:00:05,0 Class 1 browsing the web,
01:48:30,01:48:39,00:00:08,idle,
01:48:41,01:48:46,00:00:05,1 Class 2 reading technical documentation,
01:48:47,01:48:49,00:00:02,9 Class 10 other,
01:48:50,01:48:55,00:00:05,0 Class 1 browsing the web,
01:48:57,01:49:02,00:00:05,4 Class 5 editing docs,
01:49:02,01:49:20,00:00:18,idle,
01:49:21,01:49:26,00:00:05,4 Class 5 editing docs,
01:49:26,01:49:31,00:00:05,idle,
01:49:31,01:49:36,00:00:05,0 Class 1 browsing the web,
01:49:36,01:49:41,00:00:05,4 Class 5 editing docs,
01:49:41,01:50:00,00:00:19,idle,
01:50:00,01:50:06,00:00:05,0 Class 1 browsing the web,
01:50:06,01:50:11,00:00:05,4 Class 5 editing docs,
01:50:11,01:50:19,00:00:08,idle,
01:50:19,01:50:24,00:00:05,0 Class 1 browsing the web,
01:50:24,01:50:30,00:00:06,idle,
01:50:30,01:50:35,00:00:05,4 Class 5 editing docs,
01:50:35,01:50:43,00:00:07,idle,
01:50:44,01:50:49,00:00:05,0 Class 1 browsing the web,
01:50:49,01:51:07,00:00:18,idle,
01:51:07,01:51:12,00:00:05,4 Class 5 editing docs,
01:51:12,01:51:15,00:00:03,0 Class 1 browsing the web,
01:51:17,01:51:22,00:00:05,4 Class 5 editing docs,
01:51:22,01:51:28,00:00:06,idle,
01:51:31,01:51:36,00:00:05,0 Class 1 browsing the web,
01:51:36,01:51:41,00:00:04,idle,
01:51:44,01:51:46,00:00:02,4 Class 5 editing docs,
01:51:48,01:51:53,00:00:05,4 Class 5 editing docs,
01:51:53,01:51:59,00:00:06,idle,
01:52:01,01:52:06,00:00:05,0 Class 1 browsing the web,
01:52:06,01:52:08,00:00:02,1 Class 2 reading technical documentation,
01:52:10,01:52:15,00:00:05,1 Class 2 reading technical documentation,
01:52:15,01:52:23,00:00:08,idle,
01:52:25,01:52:30,00:00:05,1 Class 2 reading technical documentation,
01:52:30,01:52:45,00:00:15,idle,
01:52:45,01:52:48,00:00:03,4 Class 5 editing docs,
01:52:48,01:52:53,00:00:05,0 Class 1 browsing the web,
01:52:54,01:52:57,00:00:03,5 Class 6 coding in VSC,
01:52:57,01:53:02,00:00:05,0 Class 1 browsing the web,
01:53:02,01:53:04,00:00:02,idle,
01:53:04,01:53:07,00:00:03,1 Class 2 reading technical documentation,
01:53:09,01:53:14,00:00:05,1 Class 2 reading technical documentation,
01:53:14,01:53:19,00:00:05,idle,
01:53:20,01:53:22,00:00:02,4 Class 5 editing docs,
01:53:22,01:53:27,00:00:05,1 Class 2 reading technical documentation,
01:53:27,01:53:32,00:00:04,idle,
01:53:32,01:53:37,00:00:05,4 Class 5 editing docs,
01:53:37,01:53:44,00:00:07,idle,
01:53:44,01:53:49,00:00:05,1 Class 2 reading technical documentation,
01:53:49,01:53:51,00:00:02,idle,
01:53:51,01:53:53,00:00:02,2 Class 3 using github,
01:53:53,01:53:58,00:00:05,1 Class 2 reading technical documentation,
01:53:59,01:54:01,00:00:02,1 Class 2 reading technical documentation,
01:54:03,01:54:08,00:00:05,1 Class 2 reading technical documentation,
01:54:08,01:54:10,00:00:02,4 Class 5 editing docs,
01:54:11,01:54:16,00:00:05,4 Class 5 editing docs,
01:54:16,01:54:20,00:00:04,idle,
01:54:22,01:54:24,00:00:02,0 Class 1 browsing the web,
01:54:24,01:54:29,00:00:05,4 Class 5 editing docs,
01:54:29,01:54:40,00:00:10,idle,
01:54:40,01:54:44,00:00:04,1 Class 2 reading technical documentation,
01:54:44,01:54:49,00:00:05,4 Class 5 editing docs,
01:54:49,01:54:50,00:00:01,idle,
01:54:50,01:54:55,00:00:05,1 Class 2 reading technical documentation,
01:54:55,01:55:28,00:00:33,idle,
01:55:31,01:55:35,00:00:04,1 Class 2 reading technical documentation,
01:55:36,01:55:39,00:00:03,4 Class 5 editing docs,
01:55:39,01:55:43,00:00:04,0 Class 1 browsing the web,
01:55:43,01:55:47,00:00:03,0 Class 1 browsing the web,
01:55:50,01:55:55,00:00:05,1 Class 2 reading technical documentation,
01:55:55,01:55:59,00:00:04,4 Class 5 editing docs,
01:56:02,01:56:05,00:00:03,1 Class 2 reading technical documentation,
01:56:07,01:56:09,00:00:02,1 Class 2 reading technical documentation,
01:56:09,01:56:14,00:00:05,0 Class 1 browsing the web,
01:56:14,01:56:33,00:00:19,idle,
01:56:33,01:56:38,00:00:05,9 Class 10 other,
01:56:38,01:56:41,00:00:02,idle,
01:56:41,01:56:46,00:00:05,4 Class 5 editing docs,
01:56:46,01:56:53,00:00:07,idle,
01:56:53,01:56:58,00:00:05,0 Class 1 browsing the web,
01:56:58,01:57:03,00:00:05,1 Class 2 reading technical documentation,
01:57:03,01:57:08,00:00:05,0 Class 1 browsing the web,
01:57:08,01:57:12,00:00:04,idle,
01:57:14,01:57:19,00:00:05,0 Class 1 browsing the web,
01:57:19,01:57:40,00:00:21,idle,
01:57:40,01:57:45,00:00:05,2 Class 3 using github,
01:57:45,01:57:49,00:00:03,idle,
01:57:49,01:57:54,00:00:05,5 Class 6 coding in VSC,
01:57:54,01:58:00,00:00:06,idle,
01:58:00,01:58:05,00:00:05,0 Class 1 browsing the web,
01:58:05,01:58:22,00:00:17,idle,
01:58:25,01:58:29,00:00:04,0 Class 1 browsing the web,
01:58:29,01:58:34,00:00:05,0 Class 1 browsing the web,
01:58:34,01:58:51,00:00:16,idle,
01:58:51,01:58:54,00:00:03,4 Class 5 editing docs,
01:58:54,01:58:59,00:00:05,4 Class 5 editing docs,
01:58:59,01:59:09,00:00:09,idle,
01:59:09,01:59:11,00:00:02,1 Class 2 reading technical documentation,
01:59:12,01:59:17,00:00:05,1 Class 2 reading technical documentation,
01:59:17,01:59:18,00:00:01,idle,
01:59:20,01:59:25,00:00:05,0 Class 1 browsing the web,
01:59:25,01:59:40,00:00:15,idle,
01:59:52,01:59:57,00:00:04,1 Class 2 reading technical documentation,
01:59:57,02:00:02,00:00:05,4 Class 5 editing docs,
02:00:02,02:00:03,00:00:01,idle,
02:00:03,02:00:06,00:00:03,0 Class 1 browsing the web,
02:00:06,02:00:11,00:00:05,1 Class 2 reading technical documentation,
02:00:11,02:00:14,00:00:03,idle,
02:00:15,02:00:18,00:00:03,1 Class 2 reading technical documentation,
02:00:20,02:00:22,00:00:02,4 Class 5 editing docs,
02:00:22,02:00:28,00:00:05,1 Class 2 reading technical documentation,
02:00:31,02:00:35,00:00:04,1 Class 2 reading technical documentation,
02:00:37,02:00:43,00:00:05,1 Class 2 reading technical documentation,
02:00:44,02:00:49,00:00:05,1 Class 2 reading technical documentation,
02:00:49,02:00:58,00:00:09,idle,
02:00:59,02:01:03,00:00:04,1 Class 2 reading technical documentation,
02:01:04,02:01:06,00:00:02,9 Class 10 other,
02:01:07,02:01:11,00:00:04,1 Class 2 reading technical documentation,
02:01:11,02:01:14,00:00:03,9 Class 10 other,
02:01:14,02:01:17,00:00:02,1 Class 2 reading technical documentation,
02:01:17,02:01:22,00:00:05,4 Class 5 editing docs,
02:01:22,02:01:55,00:00:33,idle,
02:01:55,02:02:00,00:00:05,4 Class 5 editing docs,
02:02:00,02:02:04,00:00:03,idle,
02:02:08,02:02:13,00:00:05,0 Class 1 browsing the web,
02:02:13,02:02:14,00:00:01,idle,
02:02:14,02:02:20,00:00:05,4 Class 5 editing docs,
02:02:21,02:02:26,00:00:05,0 Class 1 browsing the web,
02:02:26,02:02:40,00:00:14,idle,
02:02:43,02:02:48,00:00:05,5 Class 6 coding in VSC,
02:02:48,02:02:49,00:00:01,idle,
02:02:49,02:02:54,00:00:05,0 Class 1 browsing the web,
02:02:54,02:02:56,00:00:02,idle,
02:02:56,02:02:59,00:00:03,2 Class 3 using github,
02:02:59,02:03:04,00:00:05,0 Class 1 browsing the web,
02:03:04,02:03:09,00:00:05,4 Class 5 editing docs,
02:03:09,02:03:27,00:00:18,idle,
02:03:28,02:03:33,00:00:05,4 Class 5 editing docs,
02:03:33,02:03:35,00:00:02,idle,
02:03:35,02:03:41,00:00:05,4 Class 5 editing docs,
02:03:41,02:03:46,00:00:05,1 Class 2 reading technical documentation,
02:03:46,02:04:05,00:00:19,idle,
02:04:05,02:04:10,00:00:05,1 Class 2 reading technical documentation,
02:04:10,02:04:13,00:00:02,idle,
02:04:13,02:04:18,00:00:05,1 Class 2 reading technical documentation,
02:04:18,02:04:21,00:00:02,idle,
02:04:21,02:04:26,00:00:05,1 Class 2 reading technical documentation,
02:04:26,02:04:29,00:00:02,idle,
02:04:29,02:04:34,00:00:05,1 Class 2 reading technical documentation,
02:04:34,02:04:37,00:00:02,idle,
02:04:37,02:04:40,00:00:03,1 Class 2 reading technical documentation,
02:04:40,02:04:43,00:00:03,4 Class 5 editing docs,
02:04:44,02:04:47,00:00:03,1 Class 2 reading technical documentation,
02:04:48,02:04:50,00:00:02,1 Class 2 reading technical documentation,
02:04:50,02:04:52,00:00:02,0 Class 1 browsing the web,
02:04:52,02:04:55,00:00:03,1 Class 2 reading technical documentation,
02:04:55,02:05:00,00:00:05,4 Class 5 editing docs,
02:05:00,02:05:29,00:00:28,idle,
02:05:30,02:05:36,00:00:05,0 Class 1 browsing the web,
02:05:36,02:05:41,00:00:05,4 Class 5 editing docs,
02:05:41,02:05:42,00:00:01,idle,
02:05:43,02:05:45,00:00:02,5 Class 6 coding in VSC,
02:05:46,02:05:51,00:00:05,0 Class 1 browsing the web,
02:05:51,02:05:56,00:00:05,4 Class 5 editing docs,
02:05:56,02:25:07,00:19:10,idle,
02:25:07,02:25:10,00:00:03,1 Class 2 reading technical documentation,
02:25:12,02:25:14,00:00:02,0 Class 1 browsing the web,
02:25:14,02:25:19,00:00:05,1 Class 2 reading technical documentation,
02:25:19,02:25:22,00:00:02,0 Class 1 browsing the web,
02:25:24,02:25:27,00:00:03,1 Class 2 reading technical documentation,
02:25:27,02:25:29,00:00:02,0 Class 1 browsing the web,
02:25:31,02:25:34,00:00:03,1 Class 2 reading technical documentation,
02:25:34,02:25:37,00:00:02,0 Class 1 browsing the web,
02:25:37,02:25:42,00:00:04,9 Class 10 other,
02:25:42,02:25:47,00:00:05,4 Class 5 editing docs,
02:25:47,02:26:24,00:00:37,idle,
02:26:25,02:26:30,00:00:05,4 Class 5 editing docs,
02:26:30,02:26:31,00:00:01,idle,
02:26:32,02:26:35,00:00:03,5 Class 6 coding in VSC,
02:26:36,02:26:40,00:00:04,0 Class 1 browsing the web,
02:26:42,02:26:47,00:00:05,4 Class 5 editing docs,
02:26:47,02:27:02,00:00:15,idle,
02:27:02,02:27:05,00:00:02,9 Class 10 other,
02:27:05,02:27:07,00:00:02,10 Class 11 code reference,
02:27:09,02:27:14,00:00:05,0 Class 1 browsing the web,
02:27:14,02:27:15,00:00:01,idle,
02:27:16,02:27:21,00:00:05,0 Class 1 browsing the web,
02:27:21,02:27:24,00:00:03,5 Class 6 coding in VSC,
02:27:25,02:27:30,00:00:04,9 Class 10 other,
02:27:30,02:27:33,00:00:03,0 Class 1 browsing the web,
02:27:36,02:27:41,00:00:05,0 Class 1 browsing the web,
02:27:41,02:27:42,00:00:01,idle,
02:27:44,02:27:48,00:00:03,0 Class 1 browsing the web,
02:27:48,02:27:53,00:00:05,9 Class 10 other,
02:27:53,02:27:56,00:00:03,idle,
02:27:57,02:28:01,00:00:04,4 Class 5 editing docs,
02:28:02,02:28:07,00:00:04,0 Class 1 browsing the web,
02:28:07,02:28:09,00:00:02,9 Class 10 other,
02:28:11,02:28:13,00:00:02,0 Class 1 browsing the web,
02:28:13,02:28:19,00:00:05,4 Class 5 editing docs,
02:28:20,02:28:25,00:00:04,9 Class 10 other,
02:28:25,02:28:29,00:00:04,0 Class 1 browsing the web,
02:28:29,02:28:34,00:00:05,9 Class 10 other,
02:28:34,02:28:37,00:00:02,0 Class 1 browsing the web,
02:28:37,02:28:39,00:00:02,9 Class 10 other,
02:28:39,02:28:42,00:00:03,1 Class 2 reading technical documentation,
02:28:42,02:28:44,00:00:02,0 Class 1 browsing the web,
02:28:44,02:28:49,00:00:04,1 Class 2 reading technical documentation,
02:28:49,02:28:52,00:00:02,0 Class 1 browsing the web,
02:28:52,02:28:54,00:00:02,9 Class 10 other,
02:28:54,02:28:59,00:00:05,0 Class 1 browsing the web,
02:28:59,02:29:02,00:00:02,9 Class 10 other,
02:29:02,02:29:04,00:00:02,0 Class 1 browsing the web,
02:29:04,02:29:06,00:00:02,9 Class 10 other,
02:29:07,02:29:09,00:00:02,9 Class 10 other,
02:29:14,02:29:17,00:00:02,9 Class 10 other,
02:29:17,02:29:19,00:00:02,0 Class 1 browsing the web,
02:29:20,02:29:25,00:00:05,0 Class 1 browsing the web,
02:29:25,02:29:30,00:00:05,idle,
02:29:37,02:29:39,00:00:02,9 Class 10 other,
02:29:39,02:29:44,00:00:05,0 Class 1 browsing the web,
02:29:46,02:29:49,00:00:03,9 Class 10 other,
02:29:50,02:29:55,00:00:05,0 Class 1 browsing the web,
02:29:55,02:29:59,00:00:04,idle,
02:29:59,02:30:02,00:00:02,4 Class 5 editing docs,
02:30:02,02:30:04,00:00:02,1 Class 2 reading technical documentation,
02:30:04,02:30:09,00:00:05,0 Class 1 browsing the web,
02:30:09,02:30:11,00:00:01,idle,
02:30:12,02:30:14,00:00:02,0 Class 1 browsing the web,
02:30:16,02:30:21,00:00:05,0 Class 1 browsing the web,
02:30:21,02:30:22,00:00:01,idle,
02:30:22,02:30:24,00:00:02,1 Class 2 reading technical documentation,
02:30:25,02:30:27,00:00:02,9 Class 10 other,
02:30:28,02:30:30,00:00:02,9 Class 10 other,
02:30:30,02:30:32,00:00:02,0 Class 1 browsing the web,
02:30:32,02:30:37,00:00:04,0 Class 1 browsing the web,
02:30:41,02:30:46,00:00:05,9 Class 10 other,
02:30:46,02:31:05,00:00:18,idle,
02:31:05,02:31:10,00:00:05,0 Class 1 browsing the web,
02:31:10,02:31:13,00:00:03,idle,
02:31:13,02:31:18,00:00:05,9 Class 10 other,
02:31:18,02:31:46,00:00:27,idle,
02:31:46,02:31:49,00:00:03,1 Class 2 reading technical documentation,
02:31:49,02:31:52,00:00:02,9 Class 10 other,
02:31:56,02:31:58,00:00:02,9 Class 10 other,
02:31:59,02:32:02,00:00:02,9 Class 10 other,
02:32:04,02:32:07,00:00:02,0 Class 1 browsing the web,
02:32:07,02:32:10,00:00:03,9 Class 10 other,
02:32:10,02:32:12,00:00:02,0 Class 1 browsing the web,
02:32:13,02:32:18,00:00:05,9 Class 10 other,
02:32:18,02:32:22,00:00:03,idle,
02:32:22,02:32:27,00:00:05,4 Class 5 editing docs,
02:32:27,02:32:29,00:00:02,idle,
02:32:29,02:32:34,00:00:05,0 Class 1 browsing the web,
02:32:34,02:32:38,00:00:04,idle,
02:32:38,02:32:43,00:00:04,4 Class 5 editing docs,
02:32:43,02:32:48,00:00:05,0 Class 1 browsing the web,
02:32:48,02:33:06,00:00:18,idle,
02:33:07,02:33:12,00:00:05,0 Class 1 browsing the web,
02:33:12,02:33:24,00:00:12,idle,
02:33:25,02:33:28,00:00:02,4 Class 5 editing docs,
02:33:28,02:33:33,00:00:05,0 Class 1 browsing the web,
02:33:33,02:33:42,00:00:09,idle,
02:33:43,02:33:48,00:00:05,9 Class 10 other,
02:33:48,02:33:58,00:00:10,idle,
02:33:58,02:34:03,00:00:05,4 Class 5 editing docs,
02:34:03,02:34:10,00:00:07,idle,
02:34:10,02:34:15,00:00:05,9 Class 10 other,
02:34:15,02:34:24,00:00:09,idle,
02:34:25,02:34:30,00:00:05,9 Class 10 other,
02:34:30,02:34:37,00:00:06,idle,
02:34:39,02:34:42,00:00:03,1 Class 2 reading technical documentation,
02:34:42,02:34:44,00:00:02,9 Class 10 other,
02:34:44,02:34:49,00:00:05,1 Class 2 reading technical documentation,
02:34:49,02:34:52,00:00:02,9 Class 10 other,
02:34:52,02:34:57,00:00:05,1 Class 2 reading technical documentation,
02:34:57,02:34:59,00:00:02,0 Class 1 browsing the web,
02:34:59,02:35:04,00:00:05,1 Class 2 reading technical documentation,
02:35:04,02:35:05,00:00:01,idle,
02:35:06,02:35:08,00:00:02,9 Class 10 other,
02:35:08,02:35:12,00:00:03,1 Class 2 reading technical documentation,
02:35:12,02:35:17,00:00:05,4 Class 5 editing docs,
02:35:17,02:35:46,00:00:29,idle,
02:35:48,02:35:53,00:00:05,9 Class 10 other,
02:35:53,02:35:54,00:00:01,idle,
02:35:56,02:36:00,00:00:03,0 Class 1 browsing the web,
02:36:00,02:36:04,00:00:04,1 Class 2 reading technical documentation,
02:36:04,02:36:07,00:00:02,0 Class 1 browsing the web,
02:36:07,02:36:12,00:00:05,1 Class 2 reading technical documentation,
02:36:12,02:36:14,00:00:02,0 Class 1 browsing the web,
02:36:14,02:36:19,00:00:05,1 Class 2 reading technical documentation,
02:36:19,02:36:22,00:00:02,0 Class 1 browsing the web,
02:36:22,02:36:27,00:00:05,1 Class 2 reading technical documentation,
02:36:27,02:36:29,00:00:02,0 Class 1 browsing the web,
02:36:29,02:36:32,00:00:02,1 Class 2 reading technical documentation,
02:36:35,02:36:38,00:00:02,5 Class 6 coding in VSC,
02:36:38,02:36:43,00:00:05,0 Class 1 browsing the web,
02:36:43,02:36:59,00:00:16,idle,
02:37:00,02:37:05,00:00:05,0 Class 1 browsing the web,
02:37:05,02:37:09,00:00:04,idle,
02:37:11,02:37:16,00:00:05,0 Class 1 browsing the web,
02:37:16,02:37:27,00:00:11,idle,
02:37:28,02:37:33,00:00:05,9 Class 10 other,
02:37:33,02:37:44,00:00:11,idle,
02:37:45,02:37:50,00:00:05,4 Class 5 editing docs,
02:37:50,02:37:52,00:00:02,idle,
02:37:52,02:37:57,00:00:05,0 Class 1 browsing the web,
02:37:57,02:38:13,00:00:15,idle,
02:38:13,02:38:18,00:00:05,0 Class 1 browsing the web,
02:38:18,02:38:31,00:00:12,idle,
02:38:31,02:38:34,00:00:03,9 Class 10 other,
02:38:34,02:38:39,00:00:05,0 Class 1 browsing the web,
02:38:39,02:39:16,00:00:37,idle,
02:39:16,02:39:19,00:00:03,1 Class 2 reading technical documentation,
02:39:19,02:39:22,00:00:02,0 Class 1 browsing the web,
02:39:22,02:39:24,00:00:02,1 Class 2 reading technical documentation,
02:39:24,02:39:29,00:00:05,0 Class 1 browsing the web,
02:39:29,02:39:34,00:00:05,1 Class 2 reading technical documentation,
02:39:34,02:39:37,00:00:02,0 Class 1 browsing the web,
02:39:37,02:39:42,00:00:05,4 Class 5 editing docs,
02:39:42,02:39:46,00:00:04,idle,
02:39:46,02:39:48,00:00:02,4 Class 5 editing docs,
02:39:49,02:39:54,00:00:05,4 Class 5 editing docs,
02:39:54,02:39:57,00:00:03,idle,
02:39:57,02:39:59,00:00:02,0 Class 1 browsing the web,
02:39:59,02:40:03,00:00:03,1 Class 2 reading technical documentation,
02:40:03,02:40:08,00:00:05,4 Class 5 editing docs,
02:40:08,02:40:27,00:00:19,idle,
02:40:27,02:40:29,00:00:02,0 Class 1 browsing the web,
02:40:29,02:40:32,00:00:02,1 Class 2 reading technical documentation,
02:40:32,02:40:37,00:00:05,0 Class 1 browsing the web,
02:40:38,02:40:40,00:00:02,9 Class 10 other,
02:40:41,02:40:44,00:00:03,0 Class 1 browsing the web,
02:40:48,02:40:50,00:00:02,9 Class 10 other,
02:40:52,02:40:55,00:00:02,9 Class 10 other,
02:40:55,02:40:58,00:00:02,9 Class 10 other,
02:40:59,02:41:02,00:00:03,4 Class 5 editing docs,
02:41:02,02:41:05,00:00:02,1 Class 2 reading technical documentation,
02:41:05,02:41:10,00:00:05,4 Class 5 editing docs,
02:41:10,02:41:59,00:00:49,idle,
02:42:00,02:42:05,00:00:05,9 Class 10 other,
02:42:05,02:42:07,00:00:01,idle,
02:42:07,02:42:12,00:00:05,1 Class 2 reading technical documentation,
02:42:12,02:42:14,00:00:02,idle,
02:42:14,02:42:19,00:00:05,9 Class 10 other,
02:42:19,02:42:20,00:00:01,idle,
02:42:20,02:42:24,00:00:04,1 Class 2 reading technical documentation,
02:42:24,02:42:27,00:00:03,9 Class 10 other,
02:42:28,02:42:31,00:00:03,1 Class 2 reading technical documentation,
02:42:31,02:42:36,00:00:05,9 Class 10 other,
02:42:36,02:42:41,00:00:05,idle,
02:42:41,02:42:44,00:00:03,1 Class 2 reading technical documentation,
02:42:46,02:42:49,00:00:02,1 Class 2 reading technical documentation,
02:42:51,02:42:53,00:00:02,9 Class 10 other,
02:42:54,02:42:56,00:00:02,9 Class 10 other,
02:42:56,02:43:01,00:00:05,4 Class 5 editing docs,
02:43:01,02:43:10,00:00:09,idle,
02:43:10,02:43:13,00:00:02,4 Class 5 editing docs,
02:43:13,02:43:18,00:00:05,4 Class 5 editing docs,
02:43:18,02:43:24,00:00:06,idle,
02:43:24,02:43:26,00:00:02,9 Class 10 other,
02:43:27,02:43:32,00:00:05,9 Class 10 other,
02:43:32,02:43:35,00:00:02,idle,
02:43:36,02:43:41,00:00:05,1 Class 2 reading technical documentation,
02:43:41,02:43:43,00:00:02,idle,
02:43:43,02:43:49,00:00:05,4 Class 5 editing docs,
02:43:50,02:43:54,00:00:04,4 Class 5 editing docs,
02:43:54,02:43:57,00:00:02,1 Class 2 reading technical documentation,
02:43:58,02:44:03,00:00:05,4 Class 5 editing docs,
02:44:03,02:44:14,00:00:11,idle,
02:44:16,02:44:18,00:00:02,4 Class 5 editing docs,
02:44:18,02:44:23,00:00:05,9 Class 10 other,
02:44:23,02:44:26,00:00:02,1 Class 2 reading technical documentation,
02:44:26,02:44:31,00:00:05,0 Class 1 browsing the web,
02:44:31,02:44:38,00:00:07,idle,
02:44:38,02:44:40,00:00:02,9 Class 10 other,
02:44:43,02:44:47,00:00:04,4 Class 5 editing docs,
02:44:47,02:44:52,00:00:05,1 Class 2 reading technical documentation,
02:44:54,02:44:57,00:00:03,0 Class 1 browsing the web,
02:44:57,02:45:01,00:00:03,9 Class 10 other,
02:45:01,02:45:06,00:00:05,0 Class 1 browsing the web,
02:45:06,02:45:14,00:00:08,idle,
02:45:16,02:45:21,00:00:05,4 Class 5 editing docs,
02:45:21,02:45:29,00:00:08,idle,
02:45:32,02:45:34,00:00:02,4 Class 5 editing docs,
02:45:35,02:45:40,00:00:05,4 Class 5 editing docs,
02:45:40,02:45:49,00:00:09,idle,
02:45:49,02:45:54,00:00:05,0 Class 1 browsing the web,
02:45:55,02:45:57,00:00:02,4 Class 5 editing docs,
02:45:57,02:46:02,00:00:05,0 Class 1 browsing the web,
02:46:02,02:46:03,00:00:01,idle,
02:46:04,02:46:08,00:00:03,0 Class 1 browsing the web,
02:46:08,02:46:13,00:00:05,4 Class 5 editing docs,
02:46:13,02:46:14,00:00:01,idle,
02:46:14,02:46:19,00:00:05,0 Class 1 browsing the web,
02:46:19,02:46:26,00:00:07,idle,
02:46:29,02:46:34,00:00:05,1 Class 2 reading technical documentation,
02:46:35,02:46:37,00:00:02,0 Class 1 browsing the web,
02:46:37,02:46:42,00:00:05,9 Class 10 other,
02:46:42,02:46:44,00:00:02,idle,
02:46:46,02:46:50,00:00:04,9 Class 10 other,
02:46:50,02:46:52,00:00:02,0 Class 1 browsing the web,
02:46:52,02:46:56,00:00:04,4 Class 5 editing docs,
02:46:57,02:46:59,00:00:02,1 Class 2 reading technical documentation,
02:46:59,02:47:04,00:00:05,4 Class 5 editing docs,
02:47:04,02:47:16,00:00:11,idle,
02:47:19,02:47:24,00:00:05,4 Class 5 editing docs,
02:47:25,02:47:30,00:00:05,4 Class 5 editing docs,
02:47:30,02:47:31,00:00:01,idle,
02:47:33,02:47:38,00:00:05,4 Class 5 editing docs,
02:47:38,02:47:42,00:00:03,idle,
02:47:43,02:47:48,00:00:05,4 Class 5 editing docs,
02:47:48,02:48:00,00:00:12,idle,
02:48:02,02:48:06,00:00:04,4 Class 5 editing docs,
02:48:07,02:48:09,00:00:02,0 Class 1 browsing the web,
02:48:09,02:48:14,00:00:05,4 Class 5 editing docs,
02:48:14,02:48:15,00:00:01,idle,
02:48:17,02:48:22,00:00:05,4 Class 5 editing docs,
02:48:22,02:48:31,00:00:09,idle,
02:48:31,02:48:36,00:00:05,4 Class 5 editing docs,
02:48:36,02:48:40,00:00:04,idle,
02:48:41,02:48:46,00:00:05,9 Class 10 other,
02:48:46,02:48:51,00:00:05,1 Class 2 reading technical documentation,
02:48:51,02:48:53,00:00:02,idle,
02:48:55,02:48:57,00:00:02,1 Class 2 reading technical documentation,
02:48:57,02:49:02,00:00:05,9 Class 10 other,
02:49:02,02:49:04,00:00:01,idle,
02:49:04,02:49:07,00:00:03,1 Class 2 reading technical documentation,
02:49:07,02:49:09,00:00:02,4 Class 5 editing docs,
02:49:09,02:49:12,00:00:02,1 Class 2 reading technical documentation,
02:49:12,02:49:17,00:00:05,4 Class 5 editing docs,
02:49:17,02:49:20,00:00:03,idle,
02:49:20,02:49:22,00:00:02,0 Class 1 browsing the web,
02:49:23,02:49:28,00:00:05,1 Class 2 reading technical documentation,
02:49:28,02:49:33,00:00:05,4 Class 5 editing docs,
02:49:33,02:49:36,00:00:03,idle,
02:49:36,02:49:38,00:00:02,0 Class 1 browsing the web,
02:49:38,02:49:43,00:00:05,1 Class 2 reading technical documentation,
02:49:43,02:49:48,00:00:04,idle,
02:49:48,02:49:52,00:00:04,4 Class 5 editing docs,
02:49:52,02:49:57,00:00:05,0 Class 1 browsing the web,
02:49:57,02:50:03,00:00:06,idle,
02:50:03,02:50:06,00:00:02,1 Class 2 reading technical documentation,
02:50:06,02:50:09,00:00:03,4 Class 5 editing docs,
02:50:10,02:50:15,00:00:05,4 Class 5 editing docs,
02:50:15,02:50:20,00:00:05,idle,
02:50:23,02:50:28,00:00:05,4 Class 5 editing docs,
02:50:28,02:50:41,00:00:13,idle,
02:50:41,02:50:43,00:00:02,0 Class 1 browsing the web,
02:50:43,02:50:45,00:00:02,4 Class 5 editing docs,
02:50:45,02:50:48,00:00:02,0 Class 1 browsing the web,
02:50:48,02:50:53,00:00:05,4 Class 5 editing docs,
02:50:53,02:50:55,00:00:02,idle,
02:50:56,02:51:01,00:00:05,1 Class 2 reading technical documentation,
02:51:01,02:51:05,00:00:04,idle,
02:51:07,02:51:12,00:00:05,1 Class 2 reading technical documentation,
02:51:12,02:51:25,00:00:13,idle,
02:51:25,02:51:30,00:00:05,4 Class 5 editing docs,
02:51:30,02:51:50,00:00:20,idle,
02:51:51,02:51:57,00:00:05,5 Class 6 coding in VSC,
02:51:57,02:52:02,00:00:05,0 Class 1 browsing the web,
02:52:02,02:52:03,00:00:01,idle,
02:52:05,02:52:10,00:00:05,0 Class 1 browsing the web,
02:52:10,02:52:19,00:00:09,idle,
02:52:22,02:52:27,00:00:05,0 Class 1 browsing the web,
02:52:27,02:53:00,00:00:32,idle,
02:53:00,02:53:03,00:00:02,0 Class 1 browsing the web,
02:53:03,02:53:08,00:00:05,4 Class 5 editing docs,
02:53:08,02:53:12,00:00:04,idle,
02:53:12,02:53:17,00:00:05,0 Class 1 browsing the web,
02:53:17,02:56:47,00:03:29,idle,
02:56:47,02:56:52,00:00:05,4 Class 5 editing docs,
02:56:52,02:56:56,00:00:04,idle,
02:56:56,02:57:01,00:00:05,0 Class 1 browsing the web,
02:57:01,02:57:51,00:00:50,idle,
02:57:53,02:57:55,00:00:02,0 Class 1 browsing the web,
02:57:55,02:58:00,00:00:05,4 Class 5 editing docs,
02:58:00,02:58:01,00:00:01,idle,
02:58:01,02:58:06,00:00:05,1 Class 2 reading technical documentation,
02:58:06,02:58:11,00:00:04,idle,
02:58:14,02:58:18,00:00:04,1 Class 2 reading technical documentation,
02:58:18,02:58:23,00:00:05,4 Class 5 editing docs,
02:58:23,02:58:25,00:00:02,idle,
02:58:25,02:58:30,00:00:05,1 Class 2 reading technical documentation,
02:58:30,02:58:31,00:00:01,idle,
02:58:34,02:58:36,00:00:02,1 Class 2 reading technical documentation,
02:58:37,02:58:41,00:00:04,1 Class 2 reading technical documentation,
02:58:41,02:58:46,00:00:05,4 Class 5 editing docs,
02:58:46,02:58:49,00:00:03,idle,
02:58:52,02:58:55,00:00:03,1 Class 2 reading technical documentation,
02:58:55,02:59:00,00:00:05,4 Class 5 editing docs,
02:59:00,02:59:07,00:00:07,idle,
02:59:07,02:59:12,00:00:05,1 Class 2 reading technical documentation,
02:59:12,02:59:14,00:00:02,idle,
02:59:14,02:59:19,00:00:04,4 Class 5 editing docs,
02:59:19,02:59:22,00:00:03,1 Class 2 reading technical documentation,
02:59:22,02:59:27,00:00:05,4 Class 5 editing docs,
02:59:27,02:59:38,00:00:11,idle,
02:59:40,02:59:45,00:00:05,1 Class 2 reading technical documentation,
02:59:45,02:59:47,00:00:02,idle,
02:59:49,02:59:52,00:00:03,9 Class 10 other,
02:59:52,02:59:57,00:00:05,1 Class 2 reading technical documentation,
02:59:57,03:00:03,00:00:05,idle,
03:00:06,03:00:08,00:00:02,1 Class 2 reading technical documentation,
03:00:08,03:00:13,00:00:05,4 Class 5 editing docs,
03:00:13,03:00:22,00:00:09,idle,
03:00:22,03:00:27,00:00:05,1 Class 2 reading technical documentation,
03:00:27,03:00:35,00:00:07,idle,
03:00:35,03:00:40,00:00:05,4 Class 5 editing docs,
03:00:40,03:00:46,00:00:06,idle,
03:00:46,03:00:49,00:00:03,1 Class 2 reading technical documentation,
03:00:50,03:00:53,00:00:03,1 Class 2 reading technical documentation,
03:00:53,03:00:58,00:00:05,4 Class 5 editing docs,
03:00:58,03:01:09,00:00:11,idle,
03:01:09,03:01:14,00:00:05,9 Class 10 other,
03:01:14,03:01:16,00:00:02,idle,
03:01:16,03:01:21,00:00:05,1 Class 2 reading technical documentation,
03:01:21,03:01:28,00:00:07,idle,
03:01:28,03:01:33,00:00:05,9 Class 10 other,
03:01:33,03:01:38,00:00:05,idle,
03:01:38,03:01:43,00:00:05,1 Class 2 reading technical documentation,
03:01:43,03:01:44,00:00:01,idle,
03:01:49,03:01:54,00:00:05,1 Class 2 reading technical documentation,
03:01:54,03:01:56,00:00:02,0 Class 1 browsing the web,
03:01:56,03:01:58,00:00:02,1 Class 2 reading technical documentation,
03:02:00,03:02:04,00:00:03,0 Class 1 browsing the web,
03:02:04,03:02:06,00:00:02,4 Class 5 editing docs,
03:02:06,03:02:09,00:00:02,9 Class 10 other,
03:02:10,03:02:13,00:00:03,1 Class 2 reading technical documentation,
03:02:13,03:02:18,00:00:05,4 Class 5 editing docs,
03:02:18,03:02:19,00:00:01,idle,
03:02:19,03:02:24,00:00:05,1 Class 2 reading technical documentation,
03:02:24,03:02:25,00:00:01,idle,
03:02:25,03:02:28,00:00:02,4 Class 5 editing docs,
03:02:28,03:02:32,00:00:04,9 Class 10 other,
03:02:33,03:02:38,00:00:05,1 Class 2 reading technical documentation,
03:02:38,03:02:41,00:00:02,idle,
03:02:41,03:02:43,00:00:02,4 Class 5 editing docs,
03:02:43,03:02:48,00:00:05,4 Class 5 editing docs,
03:02:48,03:03:00,00:00:11,idle,
03:03:00,03:03:05,00:00:05,1 Class 2 reading technical documentation,
03:03:05,03:03:06,00:00:01,idle,
03:03:06,03:03:11,00:00:05,4 Class 5 editing docs,
03:03:11,03:03:17,00:00:06,idle,
03:03:18,03:03:23,00:00:05,1 Class 2 reading technical documentation,
03:03:23,03:03:28,00:00:05,4 Class 5 editing docs,
03:03:28,03:03:45,00:00:16,idle,
03:03:45,03:03:50,00:00:05,1 Class 2 reading technical documentation,
03:03:50,03:03:55,00:00:05,4 Class 5 editing docs,
03:03:55,03:03:58,00:00:03,1 Class 2 reading technical documentation,
03:03:59,03:04:04,00:00:04,1 Class 2 reading technical documentation,
03:04:06,03:04:08,00:00:02,4 Class 5 editing docs,
03:04:08,03:04:13,00:00:04,9 Class 10 other,
03:04:13,03:04:15,00:00:02,1 Class 2 reading technical documentation,
03:04:16,03:04:18,00:00:02,1 Class 2 reading technical documentation,
03:04:18,03:04:23,00:00:05,4 Class 5 editing docs,
03:04:23,03:04:32,00:00:08,idle,
03:04:32,03:04:37,00:00:05,1 Class 2 reading technical documentation,
03:04:37,03:04:40,00:00:03,idle,
03:04:40,03:04:45,00:00:05,4 Class 5 editing docs,
03:04:45,03:05:11,00:00:26,idle,
03:05:13,03:05:18,00:00:05,4 Class 5 editing docs,
03:05:18,03:05:20,00:00:02,idle,
03:05:23,03:05:25,00:00:02,5 Class 6 coding in VSC,
03:05:25,03:05:27,00:00:02,7 Class 8 using file explorer,
03:05:28,03:05:32,00:00:03,0 Class 1 browsing the web,
03:05:44,03:05:46,00:00:02,9 Class 10 other,
03:05:49,03:05:51,00:00:02,0 Class 1 browsing the web,
03:05:55,03:06:01,00:00:05,5 Class 6 coding in VSC,
03:06:01,03:06:06,00:00:05,0 Class 1 browsing the web,
03:06:06,03:06:11,00:00:05,idle,
03:06:12,03:06:14,00:00:02,5 Class 6 coding in VSC,
03:06:21,03:06:23,00:00:02,0 Class 1 browsing the web,
03:06:29,03:06:32,00:00:02,9 Class 10 other,
03:06:35,03:06:40,00:00:05,10 Class 11 code reference,
03:06:40,03:06:41,00:00:01,idle,
03:06:41,03:06:43,00:00:02,9 Class 10 other,
03:06:43,03:06:45,00:00:02,0 Class 1 browsing the web,
03:06:45,03:06:47,00:00:02,10 Class 11 code reference,
03:06:48,03:06:53,00:00:05,0 Class 1 browsing the web,
03:06:54,03:06:59,00:00:05,0 Class 1 browsing the web,
03:06:59,03:07:00,00:00:01,idle,
03:07:01,03:07:06,00:00:05,0 Class 1 browsing the web,
03:07:06,03:07:20,00:00:14,idle,
03:07:21,03:07:23,00:00:02,0 Class 1 browsing the web,
03:07:24,03:07:29,00:00:05,0 Class 1 browsing the web,
03:07:29,03:07:36,00:00:07,idle,
03:07:36,03:07:38,00:00:02,1 Class 2 reading technical documentation,
03:07:38,03:07:43,00:00:05,4 Class 5 editing docs,
03:07:43,03:07:46,00:00:03,idle,
03:07:46,03:07:48,00:00:02,1 Class 2 reading technical documentation,
03:07:48,03:07:53,00:00:05,4 Class 5 editing docs,
03:07:53,03:07:58,00:00:05,idle,
03:07:58,03:08:03,00:00:05,1 Class 2 reading technical documentation,
03:08:03,03:08:07,00:00:04,idle,
03:08:07,03:08:12,00:00:05,4 Class 5 editing docs,
03:08:12,03:08:21,00:00:08,idle,
03:08:21,03:08:26,00:00:05,1 Class 2 reading technical documentation,
03:08:26,03:08:29,00:00:03,idle,
03:08:30,03:08:35,00:00:05,1 Class 2 reading technical documentation,
03:08:35,03:08:39,00:00:04,4 Class 5 editing docs,
03:08:40,03:08:45,00:00:05,4 Class 5 editing docs,
03:08:45,03:08:58,00:00:13,idle,
03:08:58,03:09:01,00:00:03,0 Class 1 browsing the web,
03:09:01,03:09:05,00:00:04,4 Class 5 editing docs,
03:09:05,03:09:10,00:00:05,1 Class 2 reading technical documentation,
03:09:10,03:09:16,00:00:05,idle,
03:09:16,03:09:21,00:00:05,4 Class 5 editing docs,
03:09:21,03:09:25,00:00:04,idle,
03:09:25,03:09:30,00:00:05,1 Class 2 reading technical documentation,
03:09:30,03:09:33,00:00:03,idle,
03:09:33,03:09:39,00:00:05,4 Class 5 editing docs,
03:09:39,03:09:44,00:00:05,1 Class 2 reading technical documentation,
03:09:44,03:09:47,00:00:03,idle,
03:09:47,03:09:52,00:00:05,4 Class 5 editing docs,
03:09:52,03:09:58,00:00:06,idle,
03:09:58,03:10:01,00:00:03,1 Class 2 reading technical documentation,
03:10:01,03:10:06,00:00:05,9 Class 10 other,
03:10:06,03:10:08,00:00:02,1 Class 2 reading technical documentation,
03:10:11,03:10:16,00:00:05,4 Class 5 editing docs,
03:10:16,03:10:25,00:00:08,idle,
03:10:25,03:10:30,00:00:05,1 Class 2 reading technical documentation,
03:10:30,03:10:32,00:00:02,idle,
03:10:32,03:10:37,00:00:05,4 Class 5 editing docs,
03:10:37,03:10:47,00:00:10,idle,
03:10:47,03:10:52,00:00:05,1 Class 2 reading technical documentation,
03:10:52,03:10:54,00:00:02,idle,
03:10:56,03:10:58,00:00:02,1 Class 2 reading technical documentation,
03:10:59,03:11:04,00:00:05,1 Class 2 reading technical documentation,
03:11:04,03:11:07,00:00:03,idle,
03:11:07,03:11:10,00:00:03,9 Class 10 other,
03:11:12,03:11:17,00:00:05,4 Class 5 editing docs,
03:11:17,03:11:26,00:00:09,idle,
03:11:26,03:11:31,00:00:05,1 Class 2 reading technical documentation,
03:11:31,03:11:36,00:00:05,4 Class 5 editing docs,
03:11:36,03:11:46,00:00:09,idle,
03:11:46,03:11:50,00:00:04,1 Class 2 reading technical documentation,
03:11:53,03:11:58,00:00:05,1 Class 2 reading technical documentation,
03:11:58,03:12:00,00:00:02,idle,
03:12:00,03:12:04,00:00:04,1 Class 2 reading technical documentation,
03:12:04,03:12:09,00:00:05,4 Class 5 editing docs,
03:12:09,03:12:16,00:00:06,idle,
03:12:16,03:12:19,00:00:03,1 Class 2 reading technical documentation,
03:12:19,03:12:24,00:00:05,4 Class 5 editing docs,
03:12:24,03:12:29,00:00:05,idle,
03:12:29,03:12:34,00:00:05,1 Class 2 reading technical documentation,
03:12:34,03:12:37,00:00:03,idle,
03:12:37,03:12:42,00:00:05,4 Class 5 editing docs,
03:12:42,03:12:52,00:00:09,idle,
03:12:52,03:12:57,00:00:05,1 Class 2 reading technical documentation,
03:12:57,03:12:59,00:00:02,idle,
03:12:59,03:13:04,00:00:05,4 Class 5 editing docs,
03:13:04,03:13:26,00:00:22,idle,
03:13:29,03:13:33,00:00:04,4 Class 5 editing docs,
03:13:33,03:13:38,00:00:05,0 Class 1 browsing the web,
03:13:38,03:13:44,00:00:06,idle,
03:13:46,03:13:51,00:00:05,4 Class 5 editing docs,
03:13:51,03:13:55,00:00:04,idle,
03:13:55,03:14:00,00:00:04,1 Class 2 reading technical documentation,
03:14:00,03:14:03,00:00:03,0 Class 1 browsing the web,
03:14:04,03:14:09,00:00:04,0 Class 1 browsing the web,
03:14:09,03:14:14,00:00:05,9 Class 10 other,
03:14:14,03:14:17,00:00:03,idle,
03:14:19,03:14:24,00:00:05,7 Class 8 using file explorer,
03:14:24,03:14:26,00:00:02,idle,
03:14:26,03:14:31,00:00:05,0 Class 1 browsing the web,
03:14:31,03:14:37,00:00:06,idle,
03:14:38,03:14:40,00:00:02,7 Class 8 using file explorer,
03:14:40,03:14:44,00:00:04,5 Class 6 coding in VSC,
03:14:44,03:14:49,00:00:05,0 Class 1 browsing the web,
03:14:49,03:15:00,00:00:10,idle,
03:15:02,03:15:07,00:00:05,0 Class 1 browsing the web,
03:15:07,03:15:15,00:00:08,idle,
03:15:20,03:15:25,00:00:05,0 Class 1 browsing the web,
03:15:25,03:15:42,00:00:16,idle,
03:15:42,03:15:47,00:00:05,4 Class 5 editing docs,
03:15:47,03:15:48,00:00:01,idle,
03:15:48,03:15:53,00:00:05,1 Class 2 reading technical documentation,
03:15:53,03:15:56,00:00:02,idle,
03:15:57,03:16:02,00:00:05,1 Class 2 reading technical documentation,
03:16:02,03:16:36,00:00:34,idle,
03:16:36,03:16:41,00:00:05,4 Class 5 editing docs,
03:16:41,03:17:37,00:00:56,idle,
03:17:37,03:17:40,00:00:02,0 Class 1 browsing the web,
03:17:41,03:17:44,00:00:03,9 Class 10 other,
03:17:44,03:17:48,00:00:03,0 Class 1 browsing the web,
03:17:53,03:17:58,00:00:05,0 Class 1 browsing the web,
03:17:58,03:18:02,00:00:04,idle,
03:18:02,03:18:07,00:00:05,3 Class 4 cmd command,
03:18:07,03:18:16,00:00:09,idle,
03:18:18,03:18:20,00:00:02,5 Class 6 coding in VSC,
03:18:20,03:18:25,00:00:05,0 Class 1 browsing the web,
03:18:25,03:19:11,00:00:45,idle,
03:19:11,03:19:16,00:00:05,0 Class 1 browsing the web,
03:19:16,03:23:03,00:03:47,idle,
03:23:04,03:23:09,00:00:05,1 Class 2 reading technical documentation,
03:23:09,03:23:13,00:00:03,idle,
03:23:15,03:23:20,00:00:05,1 Class 2 reading technical documentation,
03:23:20,03:23:22,00:00:02,idle,
03:23:24,03:23:26,00:00:02,7 Class 8 using file explorer,
03:23:26,03:23:31,00:00:05,5 Class 6 coding in VSC,
03:23:31,03:23:42,00:00:11,idle,
03:23:44,03:23:47,00:00:03,0 Class 1 browsing the web,
03:23:47,03:23:52,00:00:05,0 Class 1 browsing the web,
03:23:52,03:24:22,00:00:29,idle,
03:24:22,03:24:24,00:00:02,1 Class 2 reading technical documentation,
03:24:24,03:24:29,00:00:05,4 Class 5 editing docs,
03:24:29,03:26:14,00:01:45,idle,
03:26:15,03:26:17,00:00:02,4 Class 5 editing docs,
03:26:17,03:26:19,00:00:02,0 Class 1 browsing the web,
03:26:19,03:26:24,00:00:04,4 Class 5 editing docs,
03:26:24,03:26:29,00:00:05,0 Class 1 browsing the web,
03:26:29,03:26:53,00:00:24,idle,
03:26:53,03:26:58,00:00:05,4 Class 5 editing docs,
03:26:58,03:27:09,00:00:10,idle,
03:27:09,03:27:11,00:00:02,0 Class 1 browsing the web,
03:27:11,03:27:16,00:00:05,4 Class 5 editing docs,
03:27:16,03:27:35,00:00:19,idle,
03:27:35,03:27:38,00:00:02,4 Class 5 editing docs,
03:27:38,03:27:41,00:00:03,4 Class 5 editing docs,
03:27:42,03:27:46,00:00:04,4 Class 5 editing docs,
03:27:46,03:27:49,00:00:02,6 Class 7 watching YT,
03:27:50,03:27:55,00:00:05,4 Class 5 editing docs,
03:27:55,03:32:25,00:04:30,idle,
03:32:25,03:32:30,00:00:05,0 Class 1 browsing the web,
03:32:30,03:32:32,00:00:02,idle,
03:32:33,03:32:38,00:00:05,4 Class 5 editing docs,
03:32:38,03:48:17,00:15:39,idle,
03:48:17,03:48:21,00:00:04,0 Class 1 browsing the web,
03:48:22,03:48:27,00:00:05,4 Class 5 editing docs,
03:48:27,03:50:46,00:02:19,idle,
03:50:48,03:50:53,00:00:05,5 Class 6 coding in VSC,
03:50:53,03:50:58,00:00:05,7 Class 8 using file explorer,
03:50:58,03:51:00,00:00:02,6 Class 7 watching YT,
03:51:01,03:51:03,00:00:02,6 Class 7 watching YT,
03:51:05,03:51:10,00:00:05,6 Class 7 watching YT,
03:51:10,03:51:11,00:00:01,idle,
03:51:12,03:51:17,00:00:05,6 Class 7 watching YT,
03:51:17,03:51:22,00:00:05,7 Class 8 using file explorer,
03:51:22,03:51:30,00:00:07,idle,
03:51:30,03:51:35,00:00:05,4 Class 5 editing docs,
03:51:35,03:53:22,00:01:47,idle,
03:53:25,03:53:28,00:00:03,5 Class 6 coding in VSC,
03:53:28,03:53:30,00:00:02,0 Class 1 browsing the web,
03:53:33,03:53:36,00:00:03,10 Class 11 code reference,
03:53:36,03:53:41,00:00:05,0 Class 1 browsing the web,
03:53:41,03:55:56,00:02:14,idle,
03:56:01,03:56:03,00:00:02,5 Class 6 coding in VSC,
03:56:04,03:56:08,00:00:04,0 Class 1 browsing the web,
03:56:09,03:56:14,00:00:05,9 Class 10 other,
03:56:14,03:56:16,00:00:02,idle,
03:56:16,03:56:18,00:00:02,10 Class 11 code reference,
03:56:21,03:56:24,00:00:03,10 Class 11 code reference,
03:56:24,03:56:29,00:00:05,9 Class 10 other,
03:56:29,03:56:36,00:00:07,idle,
03:56:37,03:56:40,00:00:03,0 Class 1 browsing the web,
03:56:40,03:56:45,00:00:05,10 Class 11 code reference,
03:56:45,03:56:48,00:00:03,9 Class 10 other,
03:56:48,03:56:53,00:00:05,10 Class 11 code reference,
03:56:53,03:56:56,00:00:03,idle,
03:56:59,03:57:05,00:00:05,9 Class 10 other,
03:57:05,03:57:10,00:00:05,0 Class 1 browsing the web,
03:57:10,03:57:17,00:00:07,idle,
03:57:18,03:57:24,00:00:05,0 Class 1 browsing the web,
03:57:24,03:57:26,00:00:02,11 Class 12 socials,
03:57:26,03:57:28,00:00:02,9 Class 10 other,
03:57:32,03:57:36,00:00:04,9 Class 10 other,
03:57:36,03:57:38,00:00:02,11 Class 12 socials,
03:57:38,03:57:43,00:00:05,9 Class 10 other,
03:57:43,03:58:44,00:01:01,idle,
03:58:46,03:58:51,00:00:05,9 Class 10 other,
03:58:51,03:59:29,00:00:38,idle,
03:59:29,03:59:34,00:00:05,10 Class 11 code reference,
03:59:34,03:59:36,00:00:01,idle,
03:59:36,03:59:41,00:00:05,9 Class 10 other,
03:59:41,04:00:35,00:00:54,idle,
04:00:35,04:00:40,00:00:05,4 Class 5 editing docs,
04:00:40,04:05:51,00:05:10,idle,
04:05:51,04:05:56,00:00:05,0 Class 1 browsing the web,
04:05:56,04:06:50,00:00:54,idle,
04:06:50,04:06:55,00:00:05,4 Class 5 editing docs,
04:06:55,04:10:39,00:03:44,idle,
,,,,
,,,,
,,,,
,,00:13:34,0 Class 1 browsing the web,209.0
,,00:09:11,1 Class 2 reading technical documentation,142.0
,,00:02:35,10 Class 11 code reference,43.0
,,00:00:09,11 Class 12 socials,4.0
,,00:00:40,2 Class 3 using github,10.0
,,00:00:09,3 Class 4 cmd command,3.0
,,00:15:05,4 Class 5 editing docs,206.0
,,00:01:49,5 Class 6 coding in VSC,32.0
,,00:00:16,6 Class 7 watching YT,5.0
,,00:00:36,7 Class 8 using file explorer,11.0
,,00:05:09,9 Class 10 other,91.0
,,03:08:17,idle,332.0
